{
    "resources": [
        {
            "name": "model/models-dbg.js",
            "isDebug": true
        },
        {
            "name": "controller/Detail.controller.js"
        },
        {
            "name": "model/models.js"
        },
        {
            "name": "model/formatter.js"
        },
        {
            "name": "controller/NotFound.controller.js"
        },
        {
            "name": "controller/Master.controller.js"
        },
        {
            "name": "controller/ListSelector.js"
        },
        {
            "name": "controller/ErrorHandler.js"
        },
        {
            "name": "controller/DetailObjectNotFound.js"
        },
        {
            "name": "controller/DetailObjectNotFound.controller.js"
        },
        {
            "name": "manifest.json"
        },
        {
            "name": "controller/BaseController.js"
        },
        {
            "name": "controller/App.controller.js"
        },
        {
            "name": "Component.js"
        },
        {
            "name": "manifest-bundle.zip"
        },
        {
            "name": "Component-preload.js",
            "merged": true
        },
        {
            "name": "controller/App-dbg.controller.js",
            "isDebug": true
        },
        {
            "name": "model/formatter-dbg.js",
            "isDebug": true
        },
        {
            "name": "controller/NotFound-dbg.controller.js",
            "isDebug": true
        },
        {
            "name": "controller/Master-dbg.controller.js",
            "isDebug": true
        },
        {
            "name": "controller/ListSelector-dbg.js",
            "isDebug": true
        },
        {
            "name": "controller/ErrorHandler-dbg.js",
            "isDebug": true
        },
        {
            "name": "controller/DetailObjectNotFound-dbg.js",
            "isDebug": true
        },
        {
            "name": "controller/DetailObjectNotFound-dbg.controller.js",
            "isDebug": true
        },
        {
            "name": "controller/Detail-dbg.controller.js",
            "isDebug": true
        },
        {
            "name": "controller/BaseController-dbg.js",
            "isDebug": true
        },
        {
            "name": "i18n/i18n.properties",
            "raw": "i18n/i18n.properties"
        },
        {
            "name": "Component-dbg.js",
            "isDebug": true
        },
        {
            "name": "../../sap-ui-version.json"
        },
        {
            "name": "view/ViewSettingsDialog.fragment.xml"
        },
        {
            "name": "view/NotFound.view.xml"
        },
        {
            "name": "view/Master.view.xml"
        },
        {
            "name": "view/DetailObjectNotFound.view.xml"
        },
        {
            "name": "view/Detail.view.xml"
        },
        {
            "name": "view/App.view.xml"
        },
        {
            "name": "index.html"
        }
    ]
}