{
  "controller/NotFound-dbg.controller.js": 1609241848401,
  "controller/Detail.controller.js": 1609241848401,
  "model/models.js": 1609241848405,
  "model/formatter.js": 1609241848405,
  "controller/NotFound.controller.js": 1609241848401,
  "controller/Master.controller.js": 1609241848401,
  "controller/ListSelector.js": 1609241848401,
  "controller/ErrorHandler.js": 1609241848401,
  "controller/DetailObjectNotFound.js": 1609241848401,
  "controller/DetailObjectNotFound.controller.js": 1609241848401,
  "manifest.json": 1609247155506,
  "controller/BaseController.js": 1609241848401,
  "controller/App.controller.js": 1609241848401,
  "Component.js": 1609241848401,
  "manifest-bundle.zip": 1609247155066,
  "Component-preload.js": 1609247155431,
  "controller/App-dbg.controller.js": 1609241848401,
  "model/formatter-dbg.js": 1609241848405,
  "i18n/i18n.properties": 1609241848401,
  "controller/Master-dbg.controller.js": 1609241848401,
  "controller/ListSelector-dbg.js": 1609241848401,
  "controller/ErrorHandler-dbg.js": 1609241848401,
  "controller/DetailObjectNotFound-dbg.js": 1609241848401,
  "controller/DetailObjectNotFound-dbg.controller.js": 1609241848401,
  "controller/Detail-dbg.controller.js": 1609241848401,
  "controller/BaseController-dbg.js": 1609241848401,
  "model/models-dbg.js": 1609241848405,
  "Component-dbg.js": 1609241848401,
  "resources.json": 1609247155509,
  "view/ViewSettingsDialog.fragment.xml": 1609241848413,
  "view/NotFound.view.xml": 1609241848413,
  "view/Master.view.xml": 1609241848409,
  "view/DetailObjectNotFound.view.xml": 1609241848409,
  "view/Detail.view.xml": 1609241848409,
  "view/App.view.xml": 1609241848409,
  "test.html": 1609246312535,
  "index.html": 1609241848401
}